No;firm;year;sector;emp;wage;capital;output
1;1;1977;7;1.617604455;2.576543424;-0.528650226;4.56129352
2;1;1978;7;1.72276658;2.509745593;-0.459182391;4.578383638
3;1;1979;7;1.612433401;2.552526357;-0.389936306;4.601245484
4;1;1980;7;1.550748959;2.624951161;-0.482724194;4.610656111
5;1;1981;7;1.409278173;2.659538998;-0.678061523;4.600741373
6;1;1982;7;1.15246893;2.699217978;-0.860619558;4.591224363
7;1;1983;7;1.077048145;2.623102149;-0.936493465;4.605471141
8;2;1977;7;4.267162772;2.694012127;2.829459247;4.56129352
9;2;1978;7;4.257638996;2.646430084;2.847359925;4.578383638
10;2;1979;7;4.261524266;2.704938699;2.864558101;4.601245484
11;2;1980;7;4.277096554;2.74025921;2.871154959;4.610656111
12;2;1981;7;4.299853575;2.784819804;2.816204869;4.600741373
13;2;1982;7;4.282468682;2.780767621;2.787902183;4.591224363
14;2;1983;7;4.227096455;2.791477881;2.854721552;4.605471141
15;3;1977;7;2.952615982;3.122012395;1.959742581;4.56129352
16;3;1978;7;2.96733285;3.029834138;1.938295503;4.578383638
17;3;1979;7;2.990719732;3.054227571;1.925197122;4.601245484
18;3;1980;7;3.007660844;3.09995719;1.895323342;4.610656111
19;3;1981;7;2.973997781;3.213718589;1.82674047;4.600741373
20;3;1982;7;2.897292201;3.21264445;1.743024321;4.591224363
21;3;1983;7;2.824350657;3.364107996;1.99376111;4.605471141
22;4;1977;8;3.264231527;2.696537517;2.138912557;4.77256675
23;4;1978;8;3.286160572;2.697184718;2.168138951;4.788783408
24;4;1979;8;3.30615387;2.699722287;2.217778567;4.777709889
25;4;1980;8;3.326114576;2.723477256;2.241092563;4.717752164
26;4;1981;8;3.302076654;2.847980187;2.185365637;4.580406081
27;4;1982;8;3.19883637;2.960840525;2.127100125;4.523940564
28;4;1983;8;3.116267075;2.996007286;2.006212043;4.526171339
29;5;1976;7;4.462188589;3.026857761;3.108185576;4.552814232
30;5;1977;7;4.467056861;2.905709093;3.103253952;4.569582375
31;5;1978;7;4.465908119;2.897948537;3.225533613;4.593262561
32;5;1979;7;4.50424429;2.900850002;3.2328379;4.609993535
33;5;1980;7;4.490881006;2.95955059;3.340718201;4.606392439
34;5;1981;7;4.415219566;2.986903414;3.250215565;4.590330622
35;5;1982;7;4.300002758;2.964618213;3.013969902;4.600241068
36;6;1976;3;-0.290352261;3.143673716;-1.775492438;4.632516834
37;6;1977;3;-0.266573148;3.022340173;-1.821394274;4.673081139
38;6;1978;3;-0.271808697;3.041599121;-1.897786874;4.688396743
39;6;1979;3;-0.316081588;3.0801929;-1.925519528;4.710601699
40;6;1980;3;-0.313341806;3.155752792;-1.918684163;4.624251965
41;6;1981;3;-0.249744259;3.183256937;-1.957577883;4.600128508
42;6;1982;3;-0.245900526;3.227101858;-2.070680036;4.598249322
43;7;1976;3;0.470003629;3.429178856;-0.006621896;4.65173311
44;7;1977;3;0.500775288;3.351832052;-0.069350046;4.67729641
45;7;1978;3;0.518793734;3.396526524;-0.035627209;4.69060265
46;7;1979;3;0.518793734;3.420653511;-0.037805736;4.714554495
47;7;1980;3;0.506817602;3.313771373;-0.08077631;4.605170186
48;7;1981;3;0.444685757;3.449568379;-0.00080033;4.599116902
49;7;1982;3;0.431782416;3.468008319;-0.127606091;4.598076062
50;8;1976;3;2.213207337;3.431044136;1.514819537;4.65173311
51;8;1977;3;2.384625803;3.197362014;1.530264827;4.67729641
52;8;1978;3;2.374812727;3.334195349;1.616870244;4.69060265
53;8;1979;3;2.394161036;3.35844641;1.584079119;4.714554495
54;8;1980;3;2.370056808;3.34939164;1.170033321;4.605170186
55;8;1981;3;2.100958361;3.457439079;1.041794993;4.599116902
56;8;1982;3;1.547775295;3.397734693;0.559958586;4.598076062
57;9;1976;3;0.69614269;3.261264591;-0.961288072;4.632516834
58;9;1977;3;0.976821194;3.08897213;-0.787238104;4.673081139
59;9;1978;3;0.997686333;3.127198992;-0.79208395;4.688396743
60;9;1979;3;1.00941671;3.151538725;-0.793188535;4.710601699
61;9;1980;3;1.014143132;3.138693441;-0.760142071;4.624251965
62;9;1981;3;1.046968056;3.190657363;-0.731887988;4.600128508
63;9;1982;3;1.012327956;3.292066768;-0.743809074;4.598249322
64;10;1976;7;1.341035455;3.150738302;0.121597972;4.557718975
65;10;1977;7;1.369910856;3.059884783;0.014198719;4.571939089
66;10;1978;7;1.260731166;3.041274311;0.110556991;4.597473633
67;10;1979;7;1.25846099;3.018158906;0.150658876;4.612478416
68;10;1980;7;1.243289667;3.156770608;0.079457921;4.605170186
69;10;1981;7;1.128171059;3.256375789;0.061659286;4.58733609
70;10;1982;7;1.182340535;3.259484037;0.09148469;4.602802345
71;11;1976;3;0.306749135;3.138160181;-0.891842027;4.65173311
72;11;1977;3;0.297137231;3.007043114;-0.554951647;4.67729641
73;11;1978;3;0.291176036;3.097543955;-0.586447598;4.69060265
74;11;1979;3;0.302324349;3.115717372;-0.664559685;4.714554495
75;11;1980;3;0.234281375;3.117396656;-0.528480542;4.605170186
76;11;1981;3;0.146694379;3.256499109;-0.724225157;4.599116902
77;11;1982;3;0.161268148;3.179490298;-0.83034242;4.598076062
78;12;1976;3;0.576613364;3.535119086;-1.359068336;4.65173311
79;12;1977;3;0.496523839;3.414373527;-1.57407072;4.67729641
80;12;1978;3;0.329303747;3.438592744;-1.609938037;4.69060265
81;12;1979;3;0.300104592;3.505872693;-1.605944023;4.714554495
82;12;1980;3;0.07881118;3.408328594;-1.915283956;4.605170186
83;12;1981;3;-0.248461398;3.392540015;-2.155890714;4.599116902
84;12;1982;3;-0.385662466;3.437963193;-2.267217949;4.598076062
85;13;1976;1;0.855691067;3.10831519;-0.547316784;4.834744217
86;13;1977;1;0.869618282;3.138129827;-0.577499793;4.851756008
87;13;1978;1;0.864997437;3.156706718;-0.639985632;4.83174305
88;13;1979;1;0.881699287;3.258258063;-0.657780017;4.828520916
89;13;1980;1;0.818016163;3.184992245;-0.774791191;4.666306677
90;13;1981;1;0.574926549;3.260297998;-0.980829253;4.585711069
91;13;1982;1;0.429832399;3.357120094;-1.156135443;4.573343043
92;14;1978;1;1.152153056;3.040289731;-0.941095876;4.847226557
93;14;1979;1;1.130110956;3.085970522;-0.841415174;4.825448837
94;14;1980;1;1.095607746;3.165517241;-0.860856025;4.778393815
95;14;1981;1;0.990284375;3.063040393;-0.964955878;4.598725433
96;14;1982;1;0.777028665;3.239607471;-1.18711572;4.577210923
97;14;1983;1;0.588342066;3.247311667;-1.589145209;4.576713066
98;14;1984;1;0.356274864;3.244356459;-1.78081947;4.605032156
99;15;1977;9;1.976854925;3.117498477;0.615077525;4.657150494
100;15;1978;9;1.990746944;3.093534754;0.653106131;4.683827011
101;15;1979;9;1.959672174;3.104147075;0.78184459;4.706809386
102;15;1980;9;1.974219933;3.029205685;0.889741397;4.663130556
103;15;1981;9;1.887372664;3.073392191;0.754007069;4.570507331
104;15;1982;9;1.669780123;3.142215059;0.444301132;4.521802675
105;15;1983;9;1.685287243;3.222863822;0.305718435;4.524489296
106;16;1976;4;1.014143132;3.379350466;-0.086102677;4.757032535
107;16;1977;4;0.967744013;3.298374385;-0.149312415;4.751000634
108;16;1978;4;0.973426961;3.305977864;-0.160286153;4.725616339
109;16;1979;4;0.98842533;3.282578997;-0.63922732;4.69043003
110;16;1980;4;0.882527143;3.23313764;-0.64207391;4.605170186
111;16;1981;4;0.796605844;3.229740589;-0.569161236;4.490881006
112;16;1982;4;0.744790366;3.312169391;-0.670994356;4.505349851
113;17;1977;1;0.086177696;3.175350179;-2.054163812;4.845477592
114;17;1978;1;0.13453098;3.118564717;-1.971125398;4.847226557
115;17;1979;1;0.178146269;3.138970731;-1.717580071;4.825448837
116;17;1980;1;0.230317676;3.220258828;-1.695540557;4.778393815
117;17;1981;1;0.276873874;3.188775275;-1.753885875;4.598725433
118;17;1982;1;0.172271221;3.34870688;-1.916642651;4.577210923
119;17;1983;1;0.151002874;3.383013044;-2.082646673;4.576713066
120;18;1977;4;2.002425513;3.400160211;0.156490797;4.755527968
121;18;1978;4;2.000398361;3.268088795;0.234518609;4.744714713
122;18;1979;4;1.97380321;3.248543359;0.30276771;4.716935149
123;18;1980;4;1.927455214;3.191290792;0.449290524;4.669786829
124;18;1981;4;1.813357869;3.191220929;0.294831455;4.57779902
125;18;1982;4;1.755268326;3.278928048;0.129711607;4.494517938
126;18;1983;4;1.702381658;3.280648023;-0.040509512;4.495355298
127;19;1976;4;3.158318701;3.526960374;1.700411448;4.757032535
128;19;1977;4;3.114448207;3.411777844;1.622472571;4.751000634
129;19;1978;4;3.084932873;3.373894665;1.628769841;4.725616339
130;19;1979;4;3.047707788;3.354682093;1.743898908;4.69043003
131;19;1980;4;2.956887542;3.391631743;1.608877756;4.605170186
132;19;1981;4;2.787969763;3.444815463;1.539851987;4.490881006
133;19;1982;4;2.703238644;3.522021655;1.421396026;4.505349851
134;20;1977;4;0.051643233;3.333810363;-1.97616312;4.755527968
135;20;1978;4;0.11064652;3.279526799;-1.828838415;4.744714713
136;20;1979;4;0.117783036;3.242756401;-1.774902411;4.716935149
137;20;1980;4;0.039220713;3.244948948;-1.426699776;4.669786829
138;20;1981;4;-0.005012542;3.238286218;-1.545524587;4.57779902
139;20;1982;4;-0.080126066;3.24012842;-1.600973834;4.494517938
140;20;1983;4;-0.096510911;3.274287826;-1.673443242;4.495355298
141;21;1977;4;0.688637075;3.39070924;-0.846065264;4.755527968
142;21;1978;4;0.982452934;3.336779778;-0.620268517;4.744714713
143;21;1979;4;1.077388652;3.279910715;-0.563523448;4.716935149
144;21;1980;4;1.103599863;3.240484702;-0.419310469;4.669786829
145;21;1981;4;0.993622075;3.235528398;-0.515503247;4.57779902
146;21;1982;4;0.597186789;3.304693823;-0.706435055;4.494517938
147;21;1983;4;0.489193324;3.357060872;-0.905845499;4.495355298
148;22;1976;4;0.336472237;3.351996633;-1.705948813;4.757032535
149;22;1977;4;0.373630316;3.218935783;-1.696085665;4.751000634
150;22;1978;4;0.42199441;3.15426481;-1.708153885;4.725616339
151;22;1979;4;0.44404459;3.140706651;-1.610939039;4.69043003
152;22;1980;4;0.436963775;3.146735147;-1.683084453;4.605170186
153;22;1981;4;0.291923067;2.998643033;-1.889813476;4.490881006
154;22;1982;4;0.030529205;3.051398694;-2.024953356;4.505349851
155;23;1976;4;2.356599681;3.481455451;0.285554811;4.757032535
156;23;1977;4;2.312040252;3.363935016;0.304317926;4.751000634
157;23;1978;4;2.186051232;3.290574861;0.467813733;4.725616339
158;23;1979;4;2.144643858;3.301771076;0.253478751;4.69043003
159;23;1980;4;1.863770005;3.343409358;0.130062884;4.605170186
160;23;1981;4;1.687324488;3.292011038;-0.129653174;4.490881006
161;23;1982;4;1.549475592;3.374576195;-0.269580224;4.505349851
162;24;1976;4;0.515215972;3.317446139;-0.951141009;4.757032535
163;24;1977;4;0.576613364;3.204314278;-0.890622985;4.751000634
164;24;1978;4;0.597186789;3.162880927;-0.706029786;4.725616339
165;24;1979;4;0.585005022;3.157502465;-0.711718587;4.69043003
166;24;1980;4;0.539413081;3.16531896;-0.806315879;4.605170186
167;24;1981;4;0.258510695;3.094608814;-1.075286493;4.490881006
168;24;1982;4;0.188966017;3.33626408;-1.152962915;4.505349851
169;25;1976;4;-0.258770716;3.540953585;-2.787093408;4.757032535
170;25;1977;4;-0.238257202;3.408076996;-2.755141746;4.751000634
171;25;1978;4;-0.198450951;3.396647045;-2.653562016;4.725616339
172;25;1979;4;-0.197232194;3.355764077;-2.345492625;4.69043003
173;25;1980;4;-0.188742113;3.311487822;-2.473373461;4.605170186
174;25;1981;4;-0.209487237;3.145978154;-2.688247515;4.490881006
175;25;1982;4;-0.298406063;3.304752558;-2.864704011;4.505349851
176;26;1976;4;1.126875754;3.372523521;-0.687562822;4.757032535
177;26;1977;4;1.194225483;3.274620834;-0.604770107;4.751000634
178;26;1978;4;1.217579778;3.262100052;-0.504181131;4.725616339
179;26;1979;4;1.199663533;3.21587934;-0.581784713;4.69043003
180;26;1980;4;1.142310176;3.231108658;-0.528480542;4.605170186
181;26;1981;4;0.996948635;3.275615224;-0.743388418;4.490881006
182;26;1982;4;0.918288774;3.306384781;-0.609357692;4.505349851
183;27;1978;4;1.883274548;3.257180734;0.556983756;4.725616339
184;27;1979;4;1.852697752;3.247579932;0.640326404;4.69043003
185;27;1980;4;1.749547603;3.259906438;0.517840959;4.605170186
186;27;1981;4;1.583093917;3.255389068;0.464299831;4.490881006
187;27;1982;4;1.482740305;3.325625811;0.388929139;4.505349851
188;27;1983;4;1.992521083;2.959410554;0.363948428;4.464758055
189;27;1984;4;1.966412811;3.466947637;0.340179641;4.470495306
190;28;1977;5;-0.479649974;2.582706153;-3.393229242;4.542762694
191;28;1978;5;-0.32020525;2.614479175;-3.231454556;4.587006185
192;28;1979;5;-0.25747623;2.670749776;-3.130407223;4.630513319
193;28;1980;5;-0.343899767;2.668095886;-2.857710993;4.625136525
194;28;1981;5;-0.429245606;2.714131671;-2.91323107;4.600074214
195;28;1982;5;-0.65200518;2.795719079;-3.119030513;4.546038897
196;28;1983;5;-0.699165233;2.841251481;-3.228926161;4.595708525
197;29;1977;5;0.104360015;3.33274722;-2.085862109;4.561218267
198;29;1978;5;0.130150772;3.334751264;-1.970407709;4.607168189
199;29;1979;5;0.178982656;3.358449924;-1.802416049;4.628886713
200;29;1980;5;0.211880278;3.371826963;-1.836966062;4.616110126
201;29;1981;5;0.05259245;3.388810952;-1.961125315;4.574195351
202;29;1982;5;-0.062939789;3.424894377;-1.983404353;4.56486892
203;29;1983;5;-0.093212371;3.504096871;-1.965398826;4.638121286
204;30;1976;4;0.121332197;3.458594872;-1.809109108;4.757032535
205;30;1977;4;0.166361537;3.290667975;-1.749850009;4.751000634
206;30;1978;4;0.162118849;3.261969835;-1.573588211;4.725616339
207;30;1979;4;0.173112618;3.315668542;-1.558269626;4.69043003
208;30;1980;4;0.138891999;3.304473536;-1.550697417;4.605170186
209;30;1981;4;-0.043951867;3.205356895;-1.682546384;4.490881006
210;30;1982;4;-0.115410885;3.211170213;-1.68848112;4.505349851
211;31;1976;3;0.582774123;3.148556402;-1.723166678;4.65173311
212;31;1977;3;0.590560536;3.041164425;-1.409767676;4.67729641
213;31;1978;3;0.724161234;3.084443501;-1.098112414;4.69060265
214;31;1979;3;0.685115009;3.155965844;-1.145389449;4.714554495
215;31;1980;3;0.443402947;3.215666721;-1.292803982;4.605170186
216;31;1981;3;0.250758718;3.335712635;-1.393520406;4.599116902
217;31;1982;3;0.105260421;3.321371003;-1.738408294;4.598076062
218;32;1977;5;0.571544359;3.053439751;-1.753308283;4.56486892
219;32;1978;5;0.581097677;3.046273285;-1.755041828;4.611152258
220;32;1979;5;0.621113924;3.045050917;-1.824489294;4.628561464
221;32;1980;5;0.622724716;3.048296213;-1.925519528;4.614295424
222;32;1981;5;0.509224342;2.938891991;-2.138767008;4.568938722
223;32;1982;5;0.412771683;3.026935354;-2.268183666;4.568592318
224;32;1983;5;0.402794946;3.140114007;-2.322787831;4.646391781
225;33;1976;5;2.589942113;3.193570283;0.634988266;4.539030362
226;33;1977;5;2.60335613;3.156591827;0.60141559;4.582924608
227;33;1978;5;2.599127794;3.153398239;0.675797542;4.630837933
228;33;1979;5;2.463938343;3.123993553;0.627968455;4.626931678
229;33;1980;5;2.370804332;3.189096798;0.499623109;4.605170186
230;33;1981;5;2.177135254;3.455654032;0.294161039;4.542230408
231;33;1982;5;1.837847573;3.220498508;0.059306106;4.587006185
232;34;1977;5;0.194744077;2.720288342;-2.196424897;4.561218267
233;34;1978;5;0.266969031;2.718389895;-2.118598257;4.607168189
234;34;1979;5;0.330022913;2.827727737;-2.084253099;4.628886713
235;34;1980;5;0.341459707;2.818135537;-2.024196067;4.616110126
236;34;1981;5;0.14496577;2.818732531;-2.198225078;4.574195351
237;34;1982;5;0.177309015;2.844036852;-2.32585372;4.56486892
238;34;1983;5;0.300845059;2.882686748;-2.347582438;4.638121286
239;35;1977;5;1.68138643;3.247377719;0.605244497;4.550185899
240;35;1978;5;1.769002448;3.214040152;0.746213901;4.59511985
241;35;1979;5;1.802699409;3.337515347;0.795342648;4.629862799
242;35;1980;5;1.905683216;3.357168863;0.803480312;4.62153554
243;35;1981;5;2.648653991;3.369551904;1.466213961;4.589802689
244;35;1982;5;2.538605382;3.429049226;1.488286733;4.553613678
245;35;1983;5;2.501517916;3.47493716;1.516927787;4.612890309
246;36;1976;5;-0.752897206;3.178182947;-2.184802057;4.539030362
247;36;1977;5;-0.738144567;3.140767202;-2.030270498;4.582924608
248;36;1978;5;-0.816445397;3.165335756;-1.920047558;4.630837933
249;36;1979;5;-0.796287917;3.151808242;-1.748700037;4.626931678
250;36;1980;5;-0.88916204;3.152526599;-1.646620704;4.605170186
251;36;1981;5;-0.951917884;3.173053893;-1.764922757;4.542230408
252;36;1982;5;-1.02165122;3.134093235;-1.872102222;4.587006185
253;37;1977;4;2.667228207;3.472578067;0.492926384;4.755527968
254;37;1978;4;2.689139176;3.434038816;0.463293668;4.744714713
255;37;1979;4;2.669794356;3.466192018;0.558472277;4.716935149
256;37;1980;4;2.597937672;3.397564089;0.575207883;4.669786829
257;37;1981;4;2.459332399;3.406755241;0.756497496;4.57779902
258;37;1982;4;2.306577114;3.46718479;0.812440231;4.494517938
259;37;1983;4;2.20684481;3.590386966;0.756309709;4.495355298
260;38;1976;6;2.009287309;3.273799559;0.735344229;4.665085851
261;38;1977;6;2.064327917;3.128605325;0.723870402;4.691049673
262;38;1978;6;2.110819089;3.109534106;0.811729941;4.680856341
263;38;1979;6;2.0994892;3.237253869;0.871460674;4.649826102
264;38;1980;6;2.008482466;3.310867742;0.706013997;4.605170186
265;38;1981;6;1.780530004;3.323581726;0.329303747;4.529832184
266;38;1982;6;1.617009198;3.3245215;0.331172575;4.500238434
267;39;1977;4;0.394741145;3.456638364;-1.453716995;4.755527968
268;39;1978;4;0.438899884;3.279978412;-1.224515672;4.744714713
269;39;1979;4;0.442118426;3.246810007;-1.06479074;4.716935149
270;39;1980;4;0.485507816;3.310889669;-1.061027528;4.669786829
271;39;1981;4;0.341459707;3.32522309;-1.20463966;4.57779902
272;39;1982;4;-0.205794901;3.314015081;-1.576970722;4.494517938
273;39;1983;4;-0.358104537;3.371366808;-1.747551215;4.495355298
274;40;1976;6;2.577409863;3.262808534;0.511984951;4.668666915
275;40;1977;6;2.556762087;3.17178841;0.507720809;4.684621642
276;40;1978;6;2.498891734;3.151718411;0.489867529;4.683414662
277;40;1979;6;2.516082267;3.194423242;0.470753348;4.657674397
278;40;1980;6;2.538605382;3.304532284;0.6550818;4.616522504
279;40;1981;6;2.544432629;3.3594583;0.599770131;4.549205968
280;40;1982;6;2.501026032;3.36470973;0.523011138;4.507719406
281;41;1977;4;2.520032452;3.334776201;0.329303747;4.755527968
282;41;1978;4;2.655633469;3.248267662;0.446223101;4.744714713
283;41;1979;4;2.690361338;3.236975041;0.654250415;4.716935149
284;41;1980;4;2.696584723;3.266713154;0.799801858;4.669786829
285;41;1981;4;2.702099196;3.293445082;0.823385614;4.57779902
286;41;1982;4;2.626406212;3.330975148;0.793263927;4.494517938
287;41;1983;4;2.574594996;3.394219795;0.771496193;4.495355298
288;42;1976;6;0.20538683;3.178303841;-1.261601917;4.665085851
289;42;1977;6;0.590560536;3.151033762;-1.228948756;4.691049673
290;42;1978;6;0.544066958;3.055141993;-1.203306393;4.680856341
291;42;1979;6;0.576051409;3.11281284;-1.118100935;4.649826102
292;42;1980;6;0.27307592;3.178678593;-1.310074298;4.605170186
293;42;1981;6;-0.358104537;3.123931978;-1.693363147;4.529832184
294;42;1982;6;-0.500875276;3.20954846;-2.044074398;4.500238434
295;43;1977;1;2.490888721;2.929966279;0.859889678;4.845477592
296;43;1978;1;2.882507527;2.757265672;0.892694518;4.847226557
297;43;1979;1;2.873508084;2.780383266;0.842644192;4.825448837
298;43;1980;1;2.885861658;2.809408719;0.812928175;4.778393815
299;43;1981;1;2.396348623;3.198705729;0.845181293;4.598725433
300;43;1982;1;2.29071492;3.339974212;0.705964684;4.577210923
301;43;1983;1;2.19064744;3.371813198;0.622563759;4.576713066
302;44;1977;4;-0.247180104;3.166685328;-1.417165984;4.755527968
303;44;1978;4;-0.174353423;3.087613855;-1.452006904;4.744714713
304;44;1979;4;-0.126697676;3.076680725;-1.354795733;4.716935149
305;44;1980;4;-0.14502576;3.043555304;-1.436325295;4.669786829
306;44;1981;4;-0.341082807;3.023901762;-1.597509342;4.57779902
307;44;1982;4;-0.529329112;3.091542328;-1.762006511;4.494517938
308;44;1983;4;-0.279713929;3.165808284;-1.773723107;4.495355298
309;45;1977;1;3.474757616;3.213235951;2.441503201;4.845477592
310;45;1978;1;3.523886879;3.249614475;2.448501968;4.847226557
311;45;1979;1;3.537736746;3.274492161;2.556094887;4.825448837
312;45;1980;1;3.506997801;3.376587016;2.57816928;4.778393815
313;45;1981;1;3.435083378;3.334152611;2.456584333;4.598725433
314;45;1982;1;3.266751285;3.470891372;2.386650468;4.577210923
315;45;1983;1;3.193722106;3.481353929;2.319766641;4.576713066
316;46;1976;1;1.088898596;2.973113384;0.02381408;4.842323935
317;46;1977;1;1.120047602;2.958139435;-0.07612539;4.854880106
318;46;1978;1;1.10856262;2.929138308;-0.097833393;4.823909654
319;46;1979;1;1.085189268;3.086619094;-0.084251552;4.830053024
320;46;1980;1;0.938834657;2.981247879;-0.147108853;4.605170186
321;46;1981;1;0.818016163;3.173263207;-0.161930879;4.579139262
322;46;1982;1;0.773805084;3.271058286;-0.223768759;4.571403484
323;47;1976;4;0.886243852;3.309341562;-0.642644179;4.757032535
324;47;1977;4;0.761739972;3.254972432;-0.90263443;4.751000634
325;47;1978;4;0.679555227;3.21242301;-1.020263295;4.725616339
326;47;1979;4;0.584447764;3.196630257;-1.079692374;4.69043003
327;47;1980;4;0.440188544;3.101348257;-1.155817794;4.605170186
328;47;1981;4;0.202940844;3.101834059;-1.356735598;4.490881006
329;47;1982;4;0.074179398;3.137323021;-1.464904805;4.505349851
330;48;1976;1;0.498955451;3.243107805;-0.983766897;4.842323935
331;48;1977;1;0.848868013;3.142517322;-0.651621434;4.854880106
332;48;1978;1;0.872547767;3.16955532;-0.578747676;4.823909654
333;48;1979;1;0.856116051;3.311097568;-0.567925251;4.830053024
334;48;1980;1;0.827240871;3.130459869;-0.481105038;4.605170186
335;48;1981;1;0.715397838;3.270355702;-0.64645451;4.579139262
336;48;1982;1;0.658555736;3.3200524;-0.828050966;4.571403484
337;49;1976;4;1.323886874;3.305647803;0.014790085;4.767289035
338;49;1977;4;1.30616829;3.190533921;-0.050767107;4.752512024
339;49;1978;4;1.313992449;3.133962609;-0.097502559;4.732023077
340;49;1979;4;1.308062486;3.108672491;-0.029840832;4.699343356
341;49;1980;4;1.237504288;3.101883432;-0.127151808;4.627176266
342;49;1981;4;1.042394609;3.029500601;-0.252958649;4.520701051
343;49;1982;4;0.960498948;3.081584229;-0.429552919;4.50175226
344;50;1976;6;4.288567241;3.234784606;3.290466918;4.665085851
345;50;1977;6;4.294437818;3.126343826;3.244017078;4.691049673
346;50;1978;6;4.259477614;3.103631065;3.264793295;4.680856341
347;50;1979;6;4.284165704;3.132424335;3.248325883;4.649826102
348;50;1980;6;4.171351914;3.206588646;3.110680183;4.605170186
349;50;1981;6;3.877679977;3.209358721;2.891176989;4.529832184
350;50;1982;6;3.703989742;3.208344565;2.762216365;4.500238434
351;51;1976;1;-0.265268452;3.149710081;-1.383897197;4.834744217
352;51;1977;1;-0.279713929;3.092400622;-1.494325105;4.851756008
353;51;1978;1;-0.321583597;3.077280048;-1.566378423;4.83174305
354;51;1979;1;-0.400477537;3.155816742;-1.67932404;4.828520916
355;51;1980;1;-0.438504993;3.126931574;-1.781413177;4.666306677
356;51;1981;1;-0.579818495;3.226597933;-1.977607236;4.585711069
357;51;1982;1;-0.594207251;3.322475227;-2.032557956;4.573343043
358;52;1976;4;2.651761997;3.333228985;1.04693299;4.757032535
359;52;1977;4;2.654930679;3.187905146;0.985331602;4.751000634
360;52;1978;4;2.636554199;3.105599573;0.934169942;4.725616339
361;52;1979;4;2.611172126;3.103644486;0.932242818;4.69043003
362;52;1980;4;2.511954211;3.075831903;0.817883806;4.605170186
363;52;1981;4;2.351851334;3.10024543;0.899795429;4.490881006
364;52;1982;4;2.39543771;3.074575755;0.970816795;4.505349851
365;53;1977;4;1.928327883;3.258988409;0.035174075;4.755527968
366;53;1978;4;1.938309912;3.107850405;0.055150844;4.744714713
367;53;1979;4;1.930796511;3.099488503;0.032757564;4.716935149
368;53;1980;4;1.884946184;3.06557545;0.045546815;4.669786829
369;53;1981;4;1.726153712;3.079889628;-0.078394057;4.57779902
370;53;1982;4;1.544365894;3.136011473;-0.187414492;4.494517938
371;53;1983;4;1.502298059;3.238164595;-0.243473792;4.495355298
372;54;1977;1;1.335527244;3.169542713;-0.612673833;4.845477592
373;54;1978;1;1.413179739;3.120817472;-0.541800376;4.847226557
374;54;1979;1;1.437700149;3.137622385;-0.460924981;4.825448837
375;54;1980;1;1.424553097;3.213662298;-0.441766103;4.778393815
376;54;1981;1;1.324152991;3.12300789;-0.530858244;4.598725433
377;54;1982;1;1.116124714;3.268747309;-0.718054837;4.577210923
378;54;1983;1;0.969262579;3.309297713;-0.870839493;4.576713066
379;55;1976;4;1.70146998;3.578754802;-1.686318903;4.757032535
380;55;1977;4;1.876100602;3.518835162;-1.429201862;4.751000634
381;55;1978;4;1.931666329;3.489980275;-1.1248536;4.725616339
382;55;1979;4;1.975191548;3.475936759;-1.004848732;4.69043003
383;55;1980;4;1.871955996;3.56912698;-0.947781399;4.605170186
384;55;1981;4;1.757857952;3.557981733;-0.821207828;4.490881006
385;55;1982;4;1.732716946;3.617316291;-0.685774387;4.505349851
386;56;1976;1;1.066777531;3.092037413;-0.530688304;4.842323935
387;56;1977;1;1.107902369;3.023250208;-0.537683061;4.854880106
388;56;1978;1;1.093599713;3.008362179;-0.530008477;4.823909654
389;56;1979;1;1.056748119;3.122400166;-0.568631359;4.830053024
390;56;1980;1;0.960116211;3.020171244;-0.703601638;4.605170186
391;56;1981;1;0.760805876;3.220450584;-0.945719568;4.579139262
392;56;1982;1;0.444685757;3.257992648;-1.098412279;4.571403484
393;57;1977;8;0.716863756;2.684788398;-1.957577883;4.770073421
394;57;1978;8;0.769181867;2.676958491;-1.977607236;4.789661886
395;57;1979;8;0.698632061;2.671068047;-1.943513024;4.778715847
396;57;1980;8;0.629674758;2.657914132;-2.124438908;4.7309743
397;57;1981;8;-0.022245619;2.657198914;-2.428148282;4.586654799
398;57;1982;8;-0.177931197;2.735924738;-2.688247515;4.525197987
399;57;1983;8;-0.198450951;2.783306086;-2.831914205;4.523099641
400;58;1976;4;3.036874217;3.400653901;1.93424233;4.757032535
401;58;1977;4;3.122585165;3.261057573;2.071900668;4.751000634
402;58;1978;4;3.17157451;3.239717167;2.156379446;4.725616339
403;58;1979;4;3.138663103;3.19598379;2.10943713;4.69043003
404;58;1980;4;3.02140002;3.175040921;2.161574383;4.605170186
405;58;1981;4;2.803299834;3.221568197;2.091715866;4.490881006
406;58;1982;4;2.635407821;3.240238059;1.546071994;4.505349851
407;59;1977;8;2.287369927;2.905873209;0.291699069;4.770073421
408;59;1978;8;2.261554702;2.839657243;0.100569055;4.789661886
409;59;1979;8;2.190871081;2.795743568;0.050027494;4.778715847
410;59;1980;8;2.022077211;2.789507354;-0.109480078;4.7309743
411;59;1981;8;1.763702889;2.856159813;-0.402270217;4.586654799
412;59;1982;8;1.556669847;2.970886098;-0.6309238;4.525197987
413;59;1983;8;1.381784231;3.012682798;-0.768086267;4.523099641
414;60;1976;9;1.134622694;3.23948593;-0.2697112;4.642147037
415;60;1977;9;0.137149838;3.202230009;-0.9357284;4.671933106
416;60;1978;9;-0.277071867;3.142556178;-1.712578671;4.695580198
417;60;1979;9;-0.262664322;3.087349278;-1.777265023;4.717913879
418;60;1980;9;-0.313341806;3.017929091;-1.922095971;4.605170186
419;60;1981;9;-0.002001973;3.070890765;-1.759679634;4.534599674
420;60;1982;9;-0.121038351;3.049382087;-2.029509173;4.508839875
421;61;1977;9;0.907855293;3.074229172;-0.703601638;4.649676904
422;61;1978;9;0.917490012;3.061608961;-0.842343487;4.677897277
423;61;1979;9;0.95011228;3.076002648;-0.823028101;4.701211008
424;61;1980;9;0.960116211;3.102436386;-0.769380508;4.690897322
425;61;1981;9;0.802449871;3.103195532;-0.803408552;4.587989439
426;61;1982;9;0.602675277;3.180895622;-0.954771719;4.528221072
427;61;1983;9;0.536493371;3.127120164;-1.08293578;4.516695193
428;62;1977;8;1.016317046;2.77308235;-1.901797641;4.770073421
429;62;1978;8;0.989541231;2.759585799;-1.956162596;4.789661886
430;62;1979;8;0.974936927;2.756726073;-1.985586966;4.778715847
431;62;1980;8;0.929009544;2.751345933;-2.057288737;4.7309743
432;62;1981;8;0.810040888;2.798262561;-2.218243945;4.586654799
433;62;1982;8;0.56588183;2.873180328;-2.362335097;4.525197987
434;62;1983;8;0.615185639;2.941550601;-1.942814944;4.523099641
435;63;1976;2;-0.208254963;3.666232461;-0.530518274;4.701389044
436;63;1977;2;-0.187535124;3.541619975;-0.608254677;4.693181063
437;63;1978;2;-0.149660775;3.511440896;-0.602575482;4.717605615
438;63;1979;2;-0.154317372;3.486965208;-0.567219642;4.709530201
439;63;1980;2;-0.142716325;3.425515973;-0.63299322;4.605170186
440;63;1981;2;-0.171975253;3.463417593;-0.811705539;4.48863637
441;63;1982;2;-0.200892918;3.521144031;-0.913544481;4.509760023
442;64;1976;2;2.205413225;3.517699568;0.593989609;4.701389044
443;64;1977;2;2.257796942;3.3832133;0.621275168;4.693181063
444;64;1978;2;2.250027832;3.392882912;0.661398482;4.717605615
445;64;1979;2;2.26072091;3.320431913;0.611557444;4.709530201
446;64;1980;2;2.238579774;3.250277627;0.538479701;4.605170186
447;64;1981;2;2.12321914;3.306175827;0.345927395;4.48863637
448;64;1982;2;1.951039798;3.331715105;0.238623122;4.509760023
449;65;1976;2;3.223106901;3.40097399;1.946609904;4.701389044
450;65;1977;2;3.178845142;3.437847486;1.943048917;4.693181063
451;65;1978;2;3.181423106;3.425369501;1.866109079;4.717605615
452;65;1979;2;3.164968591;3.294851195;1.795469213;4.709530201
453;65;1980;2;3.079107882;3.26720493;1.754784216;4.605170186
454;65;1981;2;2.92235475;3.347378128;1.845758267;4.48863637
455;65;1982;2;2.973793366;3.288413119;1.830499298;4.509760023
456;66;1977;2;2.140066163;3.493208185;1.666007245;4.699343356
457;66;1978;2;2.140066163;3.401890475;1.701488239;4.699343356
458;66;1979;2;2.116255539;3.41193285;1.753053308;4.715592867
459;66;1980;2;2.116255539;3.334352202;1.768610248;4.684443367
460;66;1981;2;2.041220303;3.344461267;1.718830307;4.577284982
461;66;1982;2;1.945910149;3.564171874;1.659484411;4.493959234
462;66;1983;2;1.931521426;3.403341748;1.630964523;4.517976996
463;67;1976;8;2.45599264;2.828218538;-0.449730556;4.762556767
464;67;1977;8;2.507238755;2.910441289;-0.437265436;4.79229187
465;67;1978;8;2.505607566;2.92653765;-0.33114643;4.781729339
466;67;1979;8;2.469793012;3.011738537;-0.285284948;4.769621348
467;67;1980;8;2.38747756;3.014951397;-0.388165582;4.605170186
468;67;1981;8;2.26176314;3.018574346;-0.519530064;4.528959565
469;67;1982;8;2.278906945;3.007601554;-0.585190075;4.51382654
470;68;1976;2;1.319085611;3.595609469;1.418930946;4.701389044
471;68;1977;2;1.329194796;3.521794233;1.472173802;4.693181063
472;68;1978;2;1.337891648;3.53547769;1.5033216;4.717605615
473;68;1979;2;1.490654399;3.411810892;1.784969838;4.709530201
474;68;1980;2;1.841818685;3.302150228;1.635475922;4.605170186
475;68;1981;2;1.768320255;3.3416066;1.563540581;4.48863637
476;68;1982;2;1.691754937;3.328795098;1.403151429;4.509760023
477;69;1977;2;0.240590465;3.435656778;-0.986176859;4.699343356
478;69;1978;2;0.256191483;3.434035558;-0.928363288;4.699343356
479;69;1979;2;0.326421901;3.405000142;-0.872752406;4.715592867
480;69;1980;2;0.378436436;3.330435089;-0.682602986;4.684443367
481;69;1981;2;0.300845059;3.277076768;-0.729811186;4.577284982
482;69;1982;2;0.311154429;3.336200124;-0.766578459;4.493959234
483;69;1983;2;0.38048919;3.331175445;-0.822345142;4.517976996
484;70;1977;9;0.974182173;3.163168551;-1.17960548;4.649676904
485;70;1978;9;0.918288774;3.104008036;-1.196666262;4.677897277
486;70;1979;9;0.876717998;3.104779485;-1.196004668;4.701211008
487;70;1980;9;0.809595993;3.090082948;-1.252813005;4.690897322
488;70;1981;9;0.616805947;3.0128254;-1.10835964;4.587989439
489;70;1982;9;0.279145741;3.140953202;-1.417165984;4.528221072
490;70;1983;9;-0.203340949;3.225215685;-1.910543005;4.516695193
491;71;1976;9;0.470003629;3.31844963;-1.117183674;4.630158365
492;71;1977;9;0.356974899;3.137813264;-1.125777926;4.664569587
493;71;1978;9;0.473123757;3.145392888;-0.837017551;4.689720871
494;71;1979;9;0.586674936;3.174154613;-0.770676361;4.712377495
495;71;1980;9;0.461215123;3.116351284;-1.227924025;4.634569752
496;71;1981;9;0.01093994;3.175458758;-1.471852249;4.552714142
497;71;1982;9;-0.091019409;3.175283288;-1.521427035;4.515341732
498;72;1976;9;2.591741079;3.421284282;0.85692282;4.642147037
499;72;1977;9;2.505934017;3.370604145;0.769737783;4.671933106
500;72;1978;9;2.481818553;3.396616907;0.703740918;4.695580198
501;72;1979;9;2.466063562;3.494602688;0.663769862;4.717913879
502;72;1980;9;2.426394379;3.469942636;0.667778089;4.605170186
503;72;1981;9;2.172590308;3.546852044;0.54696467;4.534599674
504;72;1982;9;2.030645127;3.526322259;0.643956936;4.508839875
505;73;1977;9;0.293415604;3.574775268;-0.798285499;4.649676904
506;73;1978;9;0.32570014;3.47981754;-0.758005753;4.677897277
507;73;1979;9;0.337186267;3.419646119;-0.75950066;4.701211008
508;73;1980;9;0.337186267;3.5038262;-0.840951352;4.690897322
509;73;1981;9;0.292669614;3.499315736;-0.800509721;4.587989439
510;73;1982;9;0.208638865;3.542083301;-1.542246663;4.528221072
511;73;1983;9;-0.407968208;3.553689573;-1.803629642;4.516695193
512;74;1977;9;1.174955824;3.109525137;-0.6309238;4.649676904
513;74;1978;9;1.207765603;3.060578513;-0.554081167;4.677897277
514;74;1979;9;1.196041404;3.097042643;-0.49446027;4.701211008
515;74;1980;9;1.191799003;3.136428562;-0.501535577;4.690897322
516;74;1981;9;0.934130689;3.061978757;-0.763355054;4.587989439
517;74;1982;9;0.849723488;3.132245466;-0.892818376;4.528221072
518;74;1983;9;0.723676386;3.1720358;-1.03029962;4.516695193
519;75;1976;9;1.051869991;3.282361254;-0.06603296;4.642147037
520;75;1977;9;1.097945366;3.213509411;-0.094310647;4.671933106
521;75;1978;9;1.074661034;3.203701312;-0.123637629;4.695580198
522;75;1979;9;1.04450803;3.241267216;-0.280905075;4.717913879
523;75;1980;9;0.83508072;3.212370712;-0.469203917;4.605170186
524;75;1981;9;0.777028665;3.284094077;-0.516676071;4.534599674
525;75;1982;9;0.717351869;3.291654056;-0.682800829;4.508839875
526;76;1976;9;1.541159093;3.25536589;-0.029222869;4.630158365
527;76;1977;9;1.529961711;3.18057145;-0.083381587;4.664569587
528;76;1978;9;1.530827555;3.182224289;-0.115410885;4.689720871
529;76;1979;9;1.610037693;3.235882429;-0.03635285;4.712377495
530;76;1980;9;1.600800679;3.282072158;-0.064325243;4.634569752
531;76;1981;9;1.493128835;3.335876368;-0.147456446;4.552714142
532;76;1982;9;1.353512897;3.40151733;-0.262274295;4.515341732
533;77;1977;9;1.906575144;2.91935866;0.234993068;4.649676904
534;77;1978;9;1.878090044;2.902799765;0.253633958;4.677897277
535;77;1979;9;1.753018606;2.986085947;0.358722846;4.701211008
536;77;1980;9;1.727043172;3.033162924;0.220820856;4.690897322
537;77;1981;9;1.478645645;3.041737659;0.012916225;4.587989439
538;77;1982;9;1.495372956;3.00157522;-0.096951537;4.528221072
539;77;1983;9;1.590051158;2.990438285;-0.076449161;4.516695193
540;78;1976;9;1.916334204;3.268484701;0.205061044;4.630158365
541;78;1977;9;1.964872059;3.235654276;0.158882325;4.664569587
542;78;1978;9;2.017167149;3.235717249;0.164072722;4.689720871
543;78;1979;9;2.126205893;3.24170133;0.147730112;4.712377495
544;78;1980;9;2.035750853;3.196217002;0.046501834;4.634569752
545;78;1981;9;1.885401622;3.214196936;-0.218529251;4.552714142
546;78;1982;9;1.80451117;3.24596163;-0.36571566;4.515341732
547;79;1976;5;-0.785262469;3.024397473;-2.223773913;4.539030362
548;79;1977;5;-0.608805977;3.119214549;-2.167180456;4.582924608
549;79;1978;5;-0.48126687;3.133949545;-1.854699269;4.630837933
550;79;1979;5;-0.188742113;3.009383668;-1.642477767;4.626931678
551;79;1980;5;-0.287682072;3.126409597;-1.890475508;4.605170186
552;79;1981;5;-0.504181131;3.12874103;-2.039451893;4.542230408
553;79;1982;5;-0.476424213;3.108614386;-2.125276078;4.587006185
554;80;1976;9;1.093599713;3.140300041;-0.602940876;4.642147037
555;80;1977;9;0.968883182;3.094522754;-0.632804989;4.671933106
556;80;1978;9;0.940397846;3.110885231;-0.458075074;4.695580198
557;80;1979;9;1.04450803;3.160288626;-0.180563104;4.717913879
558;80;1980;9;1.095607746;3.115757283;-0.201137483;4.605170186
559;80;1981;9;1.023170129;3.134963684;-0.289149816;4.534599674
560;80;1982;9;0.916290732;3.151551518;-0.426637658;4.508839875
561;81;1976;4;-0.154317372;3.333207543;-2.025711219;4.757032535
562;81;1977;4;-0.14502576;3.204009872;-2.040990432;4.751000634
563;81;1978;4;-0.154317372;3.145302479;-1.708705914;4.725616339
564;81;1979;4;-0.236988996;3.123756027;-1.786175031;4.69043003
565;81;1980;4;-0.235722308;3.080018319;-1.912572089;4.605170186
566;81;1981;4;-0.350976923;3.16901729;-2.086667587;4.490881006
567;81;1982;4;-0.396009979;3.246634912;-2.160217852;4.505349851
568;82;1976;4;1.765073204;3.645457755;-0.664559685;4.757032535
569;82;1977;4;1.616016228;3.506532897;-0.731056733;4.751000634
570;82;1978;4;1.601607333;3.543226318;-0.603489363;4.725616339
571;82;1979;4;1.621168835;3.538396652;-0.623621099;4.69043003
572;82;1980;4;1.586374014;3.57999613;-0.591493527;4.605170186
573;82;1981;4;1.582683175;3.585187019;-0.707246105;4.490881006
574;82;1982;4;1.554981748;3.685548939;-0.737517107;4.505349851
575;83;1977;1;1.95231816;3.18099122;0.416536922;4.845477592
576;83;1978;1;1.946481443;3.124068363;0.404731572;4.847226557
577;83;1979;1;1.913091784;3.191911534;0.313057379;4.825448837
578;83;1980;1;1.784902699;3.290519048;0.328079905;4.778393815
579;83;1981;1;1.556248126;3.25475635;0.219938501;4.598725433
580;83;1982;1;1.32972401;3.29400185;0.056191374;4.577210923
581;83;1983;1;1.192709612;3.373942622;-0.140757403;4.576713066
582;84;1976;7;2.398258843;3.02718249;0.673199543;4.55035177
583;84;1977;7;2.55069439;2.833848378;0.797552195;4.568402451
584;84;1978;7;2.732872887;2.802171796;0.986189859;4.591150396
585;84;1979;7;2.785381482;2.886040112;1.495193563;4.608747779
586;84;1980;7;2.797403279;2.962558095;1.594770835;4.607002506
587;84;1981;7;2.777949328;3.025650283;1.546604582;4.591824538
588;84;1982;7;2.823163008;3.03043805;1.611395994;4.59895792
589;85;1976;5;3.482685229;2.825477559;2.337566062;4.541519782
590;85;1977;5;3.427709476;2.858858215;2.240103176;4.575741355
591;85;1978;5;3.41375158;2.878389197;2.157547806;4.623010104
592;85;1979;5;3.418808099;2.892325404;2.236017838;4.627584107
593;85;1980;5;3.397289723;2.883587687;2.142181525;4.608830479
594;85;1981;5;3.225732305;2.88915435;1.895909237;4.552999686
595;85;1982;5;3.128206858;2.890593955;1.74935633;4.579681071
596;86;1976;7;4.58760688;2.820396321;3.531421256;4.55035177
597;86;1977;7;4.597127903;2.731343461;3.477089889;4.568402451
598;86;1978;7;4.609311598;2.937912465;3.461436047;4.591150396
599;86;1979;7;4.687321438;2.732417558;3.459145515;4.608747779
600;86;1980;7;4.668755128;2.768091123;3.852440694;4.607002506
601;86;1981;7;4.635980632;2.840749523;3.792173564;4.591824538
602;86;1982;7;4.597158206;2.844199772;3.644924954;4.59895792
603;87;1976;4;4.247065678;3.383885051;2.33023917;4.757032535
604;87;1977;4;3.668676772;3.20052039;2.239538781;4.751000634
605;87;1978;4;3.723280929;3.179727388;2.313801948;4.725616339
606;87;1979;4;3.761200116;3.145534943;2.384377039;4.69043003
607;87;1980;4;3.676300672;3.200239278;2.34417799;4.605170186
608;87;1981;4;3.577947865;3.201762219;2.314661874;4.490881006
609;87;1982;4;3.478158485;3.264873522;2.255315231;4.505349851
610;88;1976;2;2.011831669;3.513442117;1.015955091;4.701389044
611;88;1977;2;2.119022767;3.501130224;1.060737336;4.693181063
612;88;1978;2;2.154317042;3.513537453;1.050227043;4.717605615
613;88;1979;2;2.212113212;3.419489097;0.723045682;4.709530201
614;88;1980;2;2.160214786;3.36753718;0.767094472;4.605170186
615;88;1981;2;1.98017354;3.444429238;0.607698219;4.48863637
616;88;1982;2;1.991975502;3.454396858;0.579138264;4.509760023
617;89;1976;2;0.104360015;3.490364519;-0.249487501;4.701389044
618;89;1977;2;0.291176036;3.415392815;-0.108699406;4.693181063
619;89;1978;2;0.285178942;3.452416308;0.253012985;4.717605615
620;89;1979;2;0.275356423;3.334455582;0.480758092;4.709530201
621;89;1980;2;0.293415604;3.306194118;0.374868434;4.605170186
622;89;1981;2;0.305276381;3.348840364;0.295427077;4.48863637
623;89;1982;2;0.262364264;3.32794904;0.050598053;4.509760023
624;90;1976;2;2.479894108;3.811800379;1.853371838;4.700934808
625;90;1977;2;2.459845219;3.518488385;1.886387598;4.695239383
626;90;1978;2;2.395802175;3.195742337;2.036690631;4.711555177
627;90;1979;2;2.332532169;2.870361776;2.039101215;4.711555177
628;90;1980;2;2.467675713;3.20883357;1.9989362;4.632298853
629;90;1981;2;2.380101535;3.231397145;1.916702014;4.519067487
630;90;1982;2;2.348227451;3.273598831;1.869152516;4.504520811
631;91;1976;3;-1.443923474;3.45697577;-2.652142555;4.65173311
632;91;1977;3;-1.394326533;3.386323986;-2.592937394;4.67729641
633;91;1978;3;-1.410587054;3.410738388;-2.652142555;4.69060265
634;91;1979;3;-1.435484563;3.446447956;-2.712058238;4.714554495
635;91;1980;3;-1.482805262;3.337863433;-2.660689644;4.605170186
636;91;1981;3;-1.676646609;3.383087687;-2.896792344;4.599116902
637;91;1982;3;-1.725971729;3.450447757;-2.808423175;4.598076062
638;92;1976;5;-1.248273063;3.055937984;-2.966173471;4.548952175
639;92;1977;5;-1.087672319;3.007700419;-2.896792344;4.553876892
640;92;1978;5;-1.244794834;3.133714416;-3.349554092;4.599152134
641;92;1979;5;-1.870802677;3.161653409;-4.431216879;4.629537868
642;92;1980;5;-1.820158944;3.150155816;-4.068676757;4.619730666
643;92;1981;5;-1.883874758;3.208692147;-4.039856377;4.584627605
644;92;1982;5;-2.032557956;3.247645967;-4.199705078;4.557379152
645;93;1977;5;4.312957908;3.028784965;3.296732761;4.550185899
646;93;1978;5;4.318660719;3.041651654;3.316844286;4.59511985
647;93;1979;5;4.292334408;3.066251313;3.325992362;4.629862799
648;93;1980;5;4.615516478;3.07165574;3.604165409;4.62153554
649;93;1981;5;4.509693959;3.05492533;3.456821285;4.589802689
650;93;1982;5;4.357772363;3.12203888;3.404083214;4.553613678
651;93;1983;5;4.298087778;3.158463223;3.357071324;4.612890309
652;94;1976;4;0.923067716;3.449882778;-1.116267254;4.767289035
653;94;1977;4;0.923067716;3.340211653;-1.056127706;4.752512024
654;94;1978;4;0.916690612;3.325079221;-1.046684196;4.732023077
655;94;1979;4;0.874635057;3.285101672;-0.957373203;4.699343356
656;94;1980;4;0.838112951;3.262850566;-0.940327284;4.627176266
657;94;1981;4;0.656483196;3.255273364;-1.02778108;4.520701051
658;94;1982;4;0.505008678;3.363069706;-1.28518286;4.50175226
659;95;1976;1;-0.048140365;3.263217978;-1.135068857;4.842323935
660;95;1977;1;-0.054456154;3.181423106;-1.111393593;4.854880106
661;95;1978;1;-0.077961531;3.175680182;-0.976306138;4.823909654
662;95;1979;1;0.071389996;3.2786681;-0.815992988;4.830053024
663;95;1980;1;0.049742092;3.149855853;-0.954252212;4.605170186
664;95;1981;1;-0.068278819;3.364834147;-1.280134165;4.579139262
665;95;1982;1;-0.132389199;3.363447019;-1.376740109;4.571403484
666;96;1976;1;3.939540891;3.128478314;2.223953078;4.842323935
667;96;1977;1;3.941387653;3.063998214;2.170789302;4.854880106
668;96;1978;1;4.099332087;3.13955548;2.549484233;4.823909654
669;96;1979;1;4.085976313;3.25147079;2.498349225;4.830053024
670;96;1980;1;3.918005057;3.16769625;2.402937087;4.605170186
671;96;1981;1;3.751854206;3.251722459;2.278384558;4.579139262
672;96;1982;1;3.321432449;3.326552819;1.642156726;4.571403484
673;97;1976;4;3.153718446;3.432602375;1.293850071;4.767289035
674;97;1977;4;3.159847386;3.280072518;1.354494049;4.752512024
675;97;1978;4;3.177595392;3.184342349;1.468012587;4.732023077
676;97;1979;4;3.150468496;3.146425555;1.48401078;4.699343356
677;97;1980;4;3.117817154;3.199880552;1.475289209;4.627176266
678;97;1981;4;2.856757579;3.18502121;1.285810823;4.520701051
679;97;1982;4;2.70404218;3.255936476;1.062190322;4.50175226
680;98;1977;1;1.287854288;3.425795713;1.12037378;4.845477592
681;98;1978;1;1.442201993;3.314462366;1.265227816;4.847226557
682;98;1979;1;1.433177923;3.336722894;1.534175385;4.825448837
683;98;1980;1;1.426716276;3.527976865;1.590214297;4.778393815
684;98;1981;1;2.140889354;3.347212785;1.825951566;4.598725433
685;98;1982;1;2.043814338;3.516859681;1.834004483;4.577210923
686;98;1983;1;1.976993475;3.581210721;1.853230823;4.576713066
687;99;1977;9;0.07881118;3.268842402;-1.502828177;4.649676904
688;99;1978;9;0.081579987;3.216043819;-1.437587656;4.677897277
689;99;1979;9;0.106160196;3.266003656;-1.320881223;4.701211008
690;99;1980;9;0.07881118;3.254636714;-1.391105958;4.690897322
691;99;1981;9;-0.093212371;3.256930474;-1.88321708;4.587989439
692;99;1982;9;-0.558616235;3.302845544;-2.050271164;4.528221072
693;99;1983;9;-0.653926506;3.275777761;-2.204551353;4.516695193
694;100;1977;1;1.51402775;2.995237201;0.674677664;4.849667318
695;100;1978;1;1.592698548;3.100479556;0.695394603;4.836930903
696;100;1979;1;1.622946223;3.197599072;0.413962238;4.827498205
697;100;1980;1;1.743444192;3.080666077;0.412639312;4.705081582
698;100;1981;1;1.673913969;3.125777553;0.397970426;4.590067705
699;100;1982;1;1.619982126;3.281418643;0.293117275;4.574633656
700;100;1983;1;1.747284944;3.337490479;0.219376545;4.58374938
701;101;1977;8;1.604626315;3.036365402;-0.149776949;4.770073421
702;101;1978;8;1.608837772;2.974799657;-0.174234359;4.789661886
703;101;1979;8;1.621761623;2.969839942;-0.057946939;4.778715847
704;101;1980;8;1.623340857;2.980090578;-0.006722526;4.7309743
705;101;1981;8;1.489527593;2.926542954;-0.129767047;4.586654799
706;101;1982;8;1.237214167;3.122589525;-0.245261318;4.525197987
707;101;1983;8;1.086876999;3.171977113;-0.519698236;4.523099641
708;102;1977;3;-0.499226504;3.330918004;-1.340174464;4.658185697
709;102;1978;3;-0.324346071;3.256067558;-1.10021357;4.680639374
710;102;1979;3;-0.244622596;3.300470595;-0.95998142;4.696644838
711;102;1980;3;-0.123298216;3.268766336;-0.776746226;4.688309326
712;102;1981;3;-0.121038351;3.260324861;-0.826907148;4.603660026
713;102;1982;3;-0.088831192;3.381181732;-0.876108966;4.598856275
714;102;1983;3;-0.012072601;3.390358856;-0.662230117;4.617523568
715;103;1976;5;-0.765717873;3.070830423;-2.772588722;4.539030362
716;103;1977;5;-0.841647212;3.005662802;-2.592937394;4.582924608
717;103;1978;5;-0.770028225;2.93387288;-2.491327206;4.630837933
718;103;1979;5;-0.750776293;2.968972452;-2.318714505;4.626931678
719;103;1980;5;-0.78307191;2.978962443;-2.296603021;4.605170186
720;103;1981;5;-1.111697528;3.191541585;-2.504701314;4.542230408
721;103;1982;5;-1.217395825;2.977868716;-2.635264545;4.587006185
722;104;1977;7;0.327863862;2.867216794;-0.524924548;4.562481857
723;104;1978;7;0.376379527;2.86731356;-0.49906174;4.580522912
724;104;1979;7;0.474369087;2.87654325;-0.402718867;4.602499613
725;104;1980;7;0.53180403;2.919126623;-0.345593753;4.610048269
726;104;1981;7;0.524136638;2.998244166;-0.430936743;4.599260729
727;104;1982;7;0.43567095;3.081051804;0.453302438;4.592517467
728;104;1983;7;0.446607051;3.057424513;0.321068491;4.60635848
729;104;1984;7;0.447246642;3.098848272;0.231984435;4.617175829
730;105;1977;7;-1.234431977;3.187104458;-1.244794834;4.567221134
731;105;1978;7;-1.231001477;3.234382926;-1.301585633;4.58903369
732;105;1979;7;-1.18744347;3.213686383;-1.308963018;4.607501466
733;105;1980;7;-1.130102925;3.347138899;-1.306374775;4.607612202
734;105;1981;7;-1.174414034;3.356851826;-1.443076375;4.593316225
735;105;1982;7;-1.244794834;3.34530056;-1.587187303;4.597673133
736;105;1983;7;-1.339410813;3.412493308;-1.286630038;4.609902969
737;105;1984;7;-1.398366983;3.338438609;-1.374761125;4.620902777
738;106;1977;7;0.651804217;2.333482804;-0.775876828;4.568402451
739;106;1978;7;0.695644111;2.310533421;-0.27285913;4.591150396
740;106;1979;7;0.718327528;2.302625092;-0.234583754;4.608747779
741;106;1980;7;0.738120546;2.382809323;-0.306253485;4.607002506
742;106;1981;7;0.746213901;2.410443486;-0.450514761;4.591824538
743;106;1982;7;0.711478088;2.365165448;-0.610645996;4.59895792
744;106;1983;7;0.707050135;2.364112836;-0.701380965;4.61078738
745;106;1984;7;0.6775258;2.378332435;-0.809905719;4.621832594
746;107;1977;7;-0.015113628;2.351327637;-0.899187849;4.56129352
747;107;1978;7;0.072320662;2.409949599;-0.791642427;4.578383638
748;107;1979;7;0.138891999;2.370281124;-0.259288985;4.601245484
749;107;1980;7;0.332894415;2.318094203;-0.282362898;4.610656111
750;107;1981;7;0.537662278;2.43776263;-0.280640271;4.600741373
751;107;1982;7;0.474369087;2.625371244;-0.385221402;4.591224363
752;107;1983;7;0.503801009;2.573665111;-0.388608035;4.605471141
753;107;1984;7;0.494086361;2.609871244;-0.343476739;4.61624167
754;108;1977;7;-0.433864583;3.167523581;-0.534776862;4.56129352
755;108;1978;7;-0.519193823;3.211323336;-0.538539497;4.578383638
756;108;1979;7;-0.433864583;3.158420689;0.124604163;4.601245484
757;108;1980;7;-0.401971174;3.230958534;0.074643543;4.610656111
758;108;1981;7;-0.290352261;3.180268044;-0.01136436;4.600741373
759;108;1982;7;-0.295714217;3.206993509;-0.149428537;4.591224363
760;108;1983;7;-0.265268452;3.179848053;-0.251928903;4.605471141
761;108;1984;7;-0.193584749;3.17499917;-0.063046312;4.61624167
762;109;1977;7;1.556459009;2.332114769;0.257660913;4.568402451
763;109;1978;7;1.601405741;2.339755629;0.314372688;4.591150396
764;109;1979;7;1.638219694;2.359447352;0.359909706;4.608747779
765;109;1980;7;1.691754937;2.372418944;0.346493357;4.607002506
766;109;1981;7;1.694330343;2.416119114;0.274672818;4.591824538
767;109;1982;7;1.726331646;2.368307288;0.201306857;4.59895792
768;109;1983;7;1.733953805;2.377228636;0.175548673;4.61078738
769;109;1984;7;1.73993972;2.367004857;0.256500955;4.621832594
770;110;1977;1;1.739237315;3.248042356;-0.032419881;4.845477592
771;110;1978;1;1.721515798;3.169164437;-0.035834453;4.847226557
772;110;1979;1;1.660321161;3.124780507;-0.109591677;4.825448837
773;110;1980;1;1.521480634;3.148071313;-0.124996502;4.778393815
774;110;1981;1;1.439598109;3.102755361;-0.034798516;4.598725433
775;110;1982;1;1.293630649;3.225601119;-0.217410019;4.577210923
776;110;1983;1;1.178654996;3.283366845;-0.388608035;4.576713066
777;110;1984;1;0.969641945;3.345226533;-0.697155202;4.605032156
778;111;1977;4;0.707050135;3.305159901;-1.556845415;4.754021133
779;111;1978;4;0.699626147;3.202429279;-1.119019129;4.73838903
780;111;1979;4;0.687632;3.151966496;-1.134135814;4.708177936
781;111;1980;4;0.572673027;3.092940651;-1.253863574;4.648708488
782;111;1981;4;0.508021636;3.133836364;-1.432966769;4.549657455
783;111;1982;4;0.32570014;3.169925048;-1.609437912;4.498141591
784;111;1983;4;0.158711776;3.245798106;-1.766091722;4.485259855
785;111;1984;4;0.092579181;3.26081975;-2.039451893;4.467630795
786;112;1977;6;1.232268644;3.08821578;-0.827135821;4.671640278
787;112;1978;6;1.126551657;3.053043223;-0.873231218;4.688510834
788;112;1979;6;1.125903116;3.073887;-0.950364738;4.673188583
789;112;1980;6;1.122003274;3.060644116;-0.98564081;4.638847679
790;112;1981;6;0.906644395;3.159673484;-1.105939034;4.586861592
791;112;1982;6;0.544066958;3.16271174;-1.316768261;4.522515508
792;112;1983;6;0.396760667;3.197239396;-1.612442472;4.498062623
793;112;1984;6;0.255417112;3.184772874;-1.888490658;4.482542525
794;113;1976;5;0.601031892;3.148290257;-1.512311156;4.542762694
795;113;1977;5;0.651804217;3.100092334;-1.56398665;4.572130332
796;113;1978;5;0.6590732;3.117051273;-1.563508981;4.619073091
797;113;1979;5;0.59663628;3.155484336;-1.521885015;4.627909673
798;113;1980;5;0.471876874;3.089973701;-1.673976434;4.610655116
799;113;1981;5;0.268499253;3.136328607;-1.787369121;4.55834063
800;113;1982;5;0.029558802;3.221181126;-2.065933192;4.575998809
801;113;1983;5;-0.289016282;3.260650965;-2.236797352;4.662731297
802;114;1977;8;-0.553385256;3.181128266;-2.605042465;4.79229187
803;114;1978;8;-0.590590556;3.165842069;-2.626931122;4.781729339
804;114;1979;8;-0.54472721;3.154234941;-2.631089202;4.769621348
805;114;1980;8;-0.71539281;3.137153708;-2.737994077;4.605170186
806;114;1981;8;-0.752897206;3.0637133;-2.877060762;4.528959565
807;114;1982;8;0.053540672;2.388404927;-3.061872097;4.51382654
808;114;1983;8;-0.820980552;3.312886979;-3.201527187;4.550411969
809;114;1984;8;-0.770028225;3.424799937;-3.291446518;4.583977193
810;115;1977;8;0.620576488;2.875449867;-1.431710183;4.79229187
811;115;1978;8;0.613562701;2.849474529;-1.508688009;4.781729339
812;115;1979;8;0.552735027;2.840066221;-1.557319911;4.769621348
813;115;1980;8;0.451075683;2.862629361;-1.674509909;4.605170186
814;115;1981;8;0.297137231;3.018007332;-1.864330162;4.528959565
815;115;1982;8;0.313349819;3.014235086;-1.97616312;4.51382654
816;115;1983;8;0.306013029;2.934207925;-2.05650657;4.550411969
817;115;1984;8;0.384581897;2.883106485;-2.00842398;4.583977193
818;116;1977;8;0.654406352;2.994476435;-1.180256245;4.767574709
819;116;1978;8;0.651282976;2.981876727;-1.15708925;4.790538763
820;116;1979;8;0.667316421;2.949180353;-1.1041275;4.779721634
821;116;1980;8;0.671923493;2.967080761;-1.059583902;4.74402302
822;116;1981;8;0.564176799;2.958321122;-1.254214056;4.592864784
823;116;1982;8;0.501381165;3.041756664;-1.414693836;4.526453754
824;116;1983;8;0.488580015;3.045807326;-1.534794369;4.520017401
825;116;1984;8;0.497740384;3.091869384;-1.62049886;4.556084968
826;117;1977;3;2.381765891;2.910435734;0.85198685;4.67729641
827;117;1978;3;2.361702697;2.952485467;0.860228146;4.69060265
828;117;1979;3;2.366873583;2.961916873;0.909225794;4.714554495
829;117;1980;3;2.150365915;2.952615982;0.794800834;4.605170186
830;117;1981;3;2.044979501;3.10969027;0.735248357;4.599116902
831;117;1982;3;1.974358779;3.073988772;0.717303015;4.598076062
832;117;1983;3;1.956708805;3.07812755;0.714419316;4.673696682
833;117;1984;3;1.912944091;3.062170505;0.77854471;4.731424792
834;118;1976;8;1.393021682;2.665407105;-0.919796846;4.760597479
835;118;1977;8;1.332366019;2.709628954;-0.874669057;4.77256675
836;118;1978;8;1.39698704;2.705961354;-0.439435628;4.788783408
837;118;1979;8;1.601002474;2.716831532;-0.028193755;4.777709889
838;118;1980;8;1.56213666;2.738437139;-0.429860234;4.717752164
839;118;1981;8;1.487722154;2.73030081;-0.612120287;4.580406081
840;118;1982;8;1.398716931;2.783534844;-0.885034342;4.523940564
841;118;1983;8;1.34208118;2.83060406;-1.06363132;4.526171339
842;119;1977;2;0.797056689;3.729671072;-0.99994409;4.699343356
843;119;1978;2;0.777947782;3.343564773;-1.026105626;4.699343356
844;119;1979;2;0.68461085;3.358616863;-1.036201057;4.715592867
845;119;1980;2;0.675492245;3.300839185;-1.042704685;4.684443367
846;119;1981;2;0.622188092;3.198783356;-1.174414034;4.577284982
847;119;1982;2;0.43308034;3.242307115;-1.356347246;4.493959234
848;119;1983;2;0.350656872;3.233717146;-1.510497965;4.517976996
849;119;1984;2;0.235072122;3.14775784;-1.603952932;4.545154785
850;120;1977;9;0.122217633;3.131529846;-1.669718843;4.659629962
851;120;1978;9;0.108854405;3.123003487;-1.622523152;4.685794878
852;120;1979;9;0.11064652;3.17732027;-1.328402883;4.708668569
853;120;1980;9;0.202124184;3.214928083;-1.221797389;4.653700316
854;120;1981;9;0.165514354;3.163591376;-1.371997056;4.564611688
855;120;1982;9;0.476234179;3.179282201;-1.334461212;4.519653713
856;120;1983;9;0.406131553;3.219171821;-1.438430158;4.527073533
857;120;1984;9;0.385262401;3.185720202;-1.407313728;4.564909513
858;121;1977;9;0.227135573;3.255928844;-1.341320995;4.649676904
859;121;1978;9;0.288181947;3.145302479;-1.385494681;4.677897277
860;121;1979;9;0.313349819;3.157957367;-1.152329571;4.701211008
861;121;1980;9;0.332894415;3.23649961;-1.217395825;4.690897322
862;121;1981;9;0.339325306;3.262337532;-0.957112726;4.587989439
863;121;1982;9;0.296394013;3.322641069;-1.107753947;4.528221072
864;121;1983;9;0.273836742;3.371408019;-1.212004976;4.516695193
865;121;1984;9;0.259282598;3.381100077;-1.286268011;4.550693905
866;122;1976;9;1.116452174;3.33958081;-0.616556597;4.642147037
867;122;1977;9;1.150572059;3.248873327;-0.575008706;4.671933106
868;122;1978;9;1.122654283;3.235378897;-0.416880011;4.695580198
869;122;1979;9;1.101607831;3.275286404;-0.447225027;4.717913879
870;122;1980;9;1.00099946;3.250269835;-0.633181599;4.605170186
871;122;1981;9;0.805582565;3.382259215;-0.802292628;4.534599674
872;122;1982;9;0.568717102;3.425128761;-1.003483916;4.508839875
873;122;1983;9;0.514618422;3.439372677;-1.044124103;4.539898564
874;123;1976;9;-0.491023013;2.910844041;-2.098012927;4.642147037
875;123;1977;9;-0.468404924;2.897225992;-1.949817844;4.671933106
876;123;1978;9;-0.44941698;2.922817382;-1.973281346;4.695580198
877;123;1979;9;-0.42159446;2.985196972;-2.034850582;4.717913879
878;123;1980;9;-0.417031775;2.936741005;-2.131998792;4.605170186
879;123;1981;9;-0.458865837;3.009940852;-2.222850125;4.534599674
880;123;1982;9;-0.458865837;3.004573128;-2.124438908;4.508839875
881;123;1983;9;-0.457284825;2.941170486;-2.157619323;4.539898564
882;124;1977;2;-1.951928221;3.538152519;-2.631089202;4.700707613
883;124;1978;2;-2.009915479;3.488930443;-2.584947977;4.695239383
884;124;1979;2;-2.002480426;3.486619471;-2.621413881;4.716935149
885;124;1980;2;-2.032557956;3.406075464;-2.670754387;4.701237352
886;124;1981;2;-2.079441542;3.454671796;-2.783851931;4.59596089
887;124;1982;2;-2.071473372;3.388932474;-3.098873032;4.490413464
888;124;1983;2;-2.095570924;3.379980521;-3.191747182;4.512506523
889;124;1984;2;-2.103734234;3.299434092;-3.329807414;4.54320647
890;125;1977;8;-0.796287917;2.988380314;-2.198225078;4.765068886
891;125;1978;8;-0.780886095;2.967903572;-2.264326381;4.791415701
892;125;1979;8;-0.789658081;2.943259336;-2.292634762;4.78072557
893;125;1980;8;-0.807436305;2.955925389;-2.347582438;4.75690452
894;125;1981;8;-0.918793887;2.964571789;-2.515778351;4.599036373
895;125;1982;8;-0.994252273;3.063278766;-2.609110226;4.527708023
896;125;1983;8;-1.010601439;3.103258398;-2.68238241;4.516926799
897;125;1984;8;-1.027222265;3.108784179;-2.782235083;4.553252455
898;126;1977;8;-1.320506658;3.149714325;-2.783851931;4.77256675
899;126;1978;8;-1.331806176;3.11953268;-2.646484831;4.788783408
900;126;1979;8;-1.350927217;3.082056748;-2.672200548;4.777709889
901;126;1980;8;-1.443923474;3.034361514;-3.047025589;4.717752164
902;126;1981;8;-1.83885114;3.232849773;-3.21637892;4.580406081
903;126;1982;8;-1.937942049;3.268340048;-3.408221936;4.523940564
904;126;1983;8;-2.032557956;3.408245816;-3.547379892;4.526171339
905;126;1984;8;-2.26336438;3.536075009;-3.755019299;4.561725965
906;127;1976;7;0.129272336;2.687745448;-0.371208648;4.55035177
907;127;1977;7;0.062035391;2.667901591;-0.374984357;4.568402451
908;127;1978;7;0.126632651;2.702561834;-0.398837092;4.591150396
909;127;1979;7;0.24137632;2.66686703;-0.388165582;4.608747779
910;127;1980;7;0.412109651;2.657844035;-0.426944186;4.607002506
911;127;1981;7;0.417393679;2.674617505;0.074457911;4.591824538
912;127;1982;7;0.4272266;2.677054767;-0.046567615;4.59895792
913;127;1983;7;0.400787519;2.718943981;-0.128856599;4.61078738
914;127;1984;7;0.463104888;2.789925075;-0.061981814;4.621832594
915;128;1976;7;0.53180403;2.655991702;-0.862039293;4.55035177
916;128;1977;7;0.606499374;2.632327593;-0.801623679;4.568402451
917;128;1978;7;0.69614269;2.542562162;-0.758219199;4.591150396
918;128;1979;7;0.719302138;2.542074323;-0.761426;4.608747779
919;128;1980;7;0.574926549;2.688561525;-0.927351705;4.607002506
920;128;1981;7;0.458689869;2.670908924;-0.742967897;4.591824538
921;128;1982;7;0.38865799;2.698747061;-0.910308685;4.59895792
922;128;1983;7;0.363948428;2.732040128;-0.96679489;4.61078738
923;128;1984;7;0.282920755;2.691866617;-1.000487863;4.621832594
924;129;1976;7;-0.263965533;2.177860543;-1.605445891;4.55035177
925;129;1977;7;-0.239527031;2.123482338;-1.650780876;4.568402451
926;129;1978;7;-0.218155985;2.108393327;-1.639897068;4.591150396
927;129;1979;7;-0.146182487;2.081576798;-1.613948068;4.608747779
928;129;1980;7;-0.082295243;2.137946318;-1.537582475;4.607002506
929;129;1981;7;-0.094310647;2.192837178;-0.922811974;4.591824538
930;129;1982;7;-0.138113314;2.21228827;-1.074700469;4.59895792
931;129;1983;7;-0.134674892;2.217898252;-1.1979907;4.61078738
932;129;1984;7;-0.160168752;2.220637195;-1.276185138;4.621832594
933;130;1976;3;2.995732274;3.377915142;3.1598602;4.622768425
934;130;1977;3;3.030133749;3.313891379;3.207879628;4.670966353
935;130;1978;3;3.020424886;3.389509342;3.759871373;4.687292883
936;130;1979;3;3.025291076;3.390995486;3.776549156;4.708619877
937;130;1980;3;2.917770732;3.415813379;3.730498779;4.633658513
938;130;1981;3;2.708050201;3.546096829;3.776688846;4.600633923
939;130;1982;3;2.513494107;3.613670903;3.711772888;4.598335895
940;130;1983;3;2.353278207;3.579759073;3.742820615;4.655320377
941;130;1984;3;2.243896128;3.600064661;3.761223348;4.71730262
942;131;1976;9;1.410986949;3.240930855;-0.685178991;4.642147037
943;131;1977;9;1.397728739;3.208312266;-0.635255702;4.671933106
944;131;1978;9;1.271444519;3.194287966;-0.677667649;4.695580198
945;131;1979;9;1.132047065;3.207831096;-0.867976848;4.717913879
946;131;1980;9;1.059871426;3.112456972;-0.806763907;4.605170186
947;131;1981;9;0.92187507;3.12926621;-0.904856379;4.534599674
948;131;1982;9;0.835514422;3.140351963;-1.196666262;4.508839875
949;131;1983;9;0.379805361;3.130957899;-1.376740109;4.539898564
950;131;1984;9;0.369492448;3.06341424;-1.438008797;4.58239993
951;132;1976;1;-0.02942879;3.000142534;-2.172434409;4.842323935
952;132;1977;1;-0.047091608;2.900074588;-2.143020523;4.854880106
953;132;1978;1;-0.077961531;2.858904024;-2.012156795;4.823909654
954;132;1979;1;-0.104249999;2.981318898;-2.045619993;4.830053024
955;132;1980;1;-0.124430056;2.842009835;-2.134531508;4.605170186
956;132;1981;1;-0.317454245;3.000311821;-2.301585593;4.579139262
957;132;1982;1;-0.406465593;3.085202754;-2.33821225;4.571403484
958;132;1983;1;-0.474815218;3.225390598;-2.366590412;4.592475974
959;132;1984;1;-0.486132995;3.205766269;-2.405725852;4.641780765
960;133;1976;4;0.772882102;3.318616213;-1.258077028;4.767289035
961;133;1977;4;0.874635057;3.222174379;-1.288441961;4.752512024
962;133;1978;4;0.857389666;3.146696453;-1.286268011;4.732023077
963;133;1979;4;0.856965223;3.114248374;-1.237529553;4.699343356
964;133;1980;4;0.919884307;3.118803568;-1.156135443;4.627176266
965;133;1981;4;0.748108691;3.108797531;-1.300116628;4.520701051
966;133;1982;4;0.667829373;3.229325041;-1.371997056;4.50175226
967;133;1983;4;0.535323037;3.284828308;-1.458005166;4.475061535
968;133;1984;4;0.53882982;3.318174404;-1.520054306;4.469064076
969;134;1976;8;2.56694736;2.722610352;0.407463111;4.762556767
970;134;1977;8;2.655141568;2.689288632;0.458310531;4.79229187
971;134;1978;8;2.639485809;2.746398739;0.487106537;4.781729339
972;134;1979;8;2.63109716;2.745166137;0.503982261;4.769621348
973;134;1980;8;2.589191587;2.698612472;0.415745352;4.605170186
974;134;1981;8;2.566333015;2.831176035;0.281487853;4.528959565
975;134;1982;8;2.612346611;2.819812243;0.249590721;4.51382654
976;134;1983;8;2.591441476;2.917289535;0.201715604;4.550411969
977;134;1984;8;2.60165211;2.882031519;0.187392014;4.583977193
978;135;1976;8;0.861200723;2.925207873;-0.922308804;4.761822591
979;135;1977;8;0.862889913;2.937382562;-0.949072196;4.784940992
980;135;1978;8;0.853137874;2.85745254;-0.929882685;4.78438024
981;135;1979;8;0.763139552;2.835551843;-0.989668229;4.772662329
982;135;1980;8;0.597736996;2.827449707;-1.115961927;4.648887505
983;135;1981;8;0.451075683;2.912481037;-1.305267486;4.548563823
984;135;1982;8;0.273836742;2.909166197;-1.532013969;4.517631044
985;135;1983;8;0.171429116;2.955332013;-1.705398249;4.541390822
986;135;1984;8;0.177309015;2.970424722;-1.917322692;4.575690911
987;136;1976;8;-0.486132995;3.182220181;-2.085862109;4.762556767
988;136;1977;8;-0.298406063;3.093543822;-2.129472475;4.79229187
989;136;1978;8;-0.396009979;2.999594804;-2.221005106;4.781729339
990;136;1979;8;-0.371063681;2.963586077;-2.32995629;4.769621348
991;136;1980;8;-1.127011763;2.955399743;-2.609110226;4.605170186
992;136;1981;8;-1.48722028;3.18564573;-2.805111914;4.528959565
993;136;1982;8;-1.354795733;3.184267775;-2.898605545;4.51382654
994;136;1983;8;-1.03282452;3.145978154;-2.943139785;4.550411969
995;136;1984;8;-0.765717873;3.117618037;-2.889572096;4.583977193
996;137;1976;2;0.955126756;3.649041376;-0.409021394;4.700934808
997;137;1977;2;0.993992203;3.527859371;-0.20285086;4.695239383
998;137;1978;2;0.996210318;3.629530086;0.033724869;4.711555177
999;137;1979;2;0.964318663;3.510930354;0.009058844;4.711555177
1000;137;1980;2;0.86583923;3.473111759;-0.09014355;4.632298853
1001;137;1981;2;0.69064405;3.5197949;-0.224895059;4.519067487
1002;137;1982;2;0.557900031;3.542769279;-0.337432726;4.504520811
1003;137;1983;2;0.477475644;3.556033484;-0.44254407;4.534211119
1004;137;1984;2;0.16974269;3.578403069;-0.699769077;4.550977936
1005;138;1976;9;0.653366363;3.294328284;-1.367668858;4.622085315
1006;138;1977;9;0.657001734;3.216296501;-1.35363354;4.659629962
1007;138;1978;9;0.659590397;3.223743956;-1.344001449;4.685794878
1008;138;1979;9;0.681074599;3.279895663;-1.335221091;4.708668569
1009;138;1980;9;0.740030766;3.308804276;-1.315276837;4.653700316
1010;138;1981;9;0.688134639;3.186567486;-1.459725639;4.564611688
1011;138;1982;9;0.443402947;3.238207792;-1.65757834;4.519653713
1012;138;1983;9;0.316269529;3.288584669;-1.81769279;4.527073533
1013;138;1984;9;0.266202964;3.299375007;-1.895787606;4.564909513
1014;139;1976;9;0.053540672;3.099456952;-1.918003196;4.630158365
1015;139;1977;9;0.043059489;3.052022811;-1.497002483;4.664569587
1016;139;1978;9;0.103458708;3.001649731;-1.371602852;4.689720871
1017;139;1979;9;0.157858085;2.996372069;-1.417991448;4.712377495
1018;139;1980;9;0.116003676;2.967260831;-1.215708061;4.634569752
1019;139;1981;9;0.071389996;2.989784571;-1.342851842;4.552714142
1020;139;1982;9;0.083421608;3.012466473;-1.393520406;4.515341732
1021;139;1983;9;0.411447114;3.005954845;-1.044976711;4.532223035
1022;139;1984;9;0.414094435;3.011034544;-1.091239564;4.571942159
1023;140;1976;3;0.432431556;3.370528565;-0.429245606;4.65173311
1024;140;1977;3;0.369492448;3.246393711;-0.378920553;4.67729641
1025;140;1978;3;0.354171814;3.317366433;-0.343194768;4.69060265
1026;140;1979;3;0.363253259;3.367809491;-0.407968208;4.714554495
1027;140;1980;3;0.337186267;3.342055862;-0.521549621;4.605170186
1028;140;1981;3;0.285178942;3.415343551;-0.743598724;4.599116902
1029;140;1982;3;0.175632569;3.419577396;-0.866786513;4.598076062
1030;140;1983;3;0.12751332;3.429658494;-0.995063386;4.673696682
1031;140;1984;3;0.088926301;3.422443379;-1.014730777;4.731424792
